{"isotropic-swift": {"benchmark_mse": 0.009808476082980633, "test_mse": 0.012479814700782299}, "isotropic-linear": {"benchmark_mse": 0.02083074487745762, "test_mse": 0.008395396173000336}, "kinematic-linear": {"benchmark_mse": 4.0793358493829146e-05, "test_mse": 0.00015998067101463675}, "kinematic-armstrong-fredrick": {"benchmark_mse": 0.003795513417571783, "test_mse": 0.000976921059191227}, "mixed-linear": {"benchmark_mse": 0.015801861882209778, "test_mse": 0.00911006797105074}, "mixed-armstrong-fredrick": {"benchmark_mse": 0.025945551693439484, "test_mse": 0.009503123350441456}}